INSERT INTO Users (UserID, ToursID, Login, Password, AccessLevel) VALUES
(1, '{1, 4}', 'testt', '123', 1),
(2, '{}', 'testm', '123', 2),
(3, '{8}', 'Dealo', 'DealoProg1', 1),
(4, '{}', 'Koret', 'Koret97', 2),
(5, '{3, 4}','MilaUkn', 'SarkisMil', 1),
(6, '{}', 'GorVictor', 'Victor94', 2),
(7, '{6, 7}', 'test1', '123', 1),
(8, '{}', 'test2', '123', 2),
(9, '{9, 2}', 'test3', '123', 1),
(10, '{}', 'test4', '123', 2);


INSERT INTO Food (FoodID, Category, VegMenu, ChildrenMenu, Bar, Cost) VALUES 
(1, 'Завтрак', TRUE, FALSE, TRUE, 2129),
(2,	'Полупансион', TRUE, FALSE, FALSE, 499),
(3, 'Полный пансион', TRUE, TRUE, FALSE, 1117),
(4, 'Все включено', TRUE, FALSE, TRUE, 1233),
(5, 'Континентальный завтрак', TRUE, TRUE, FALSE, 2238),
(6, 'Полный пансион+', TRUE, TRUE, TRUE, 2282),
(7, 'Английский завтрак', FALSE, TRUE, FALSE, 804),
(8, 'Американский завтрак', TRUE, FALSE, TRUE, 1427),
(9, 'Завтрак', TRUE, TRUE, TRUE, 1958),
(10, 'Полупансион', TRUE, TRUE, FALSE, 1401);


INSERT INTO Hotel (HotelID, Name, Type, Class, SwimPool, City, Cost) VALUES 
(1,	'Goodrich Corporation', 'Отель', 4, TRUE, 'Москва', 16895),
(2,	'Profitpros', 'Апартамент', 5, FALSE, 'Питер', 7039),
(3,	'Continental Airlines', 'Хостел', 2, TRUE, 'Сочи', 2368),
(4,	'Quality Realty Service', 'Гостевой дом', 0, TRUE, 'Самара', 19073),
(5,	'Master Builder Design Services', 'Мотель', 3, TRUE, 'Воронеж', 19793),
(6,	'Zoom Technologies', 'Вила', 0, TRUE, 'Казань', 23014),
(7,	'Fellowship Investments', 'Курортный отель', 4, TRUE, 'Москва', 21088),
(8,	'CDI Corporation', 'Кемпинг', 3, FALSE, 'Челябинск', 7699),
(9,	'Advansed Teksyztems',	'Постель и завтрак', 5, TRUE, 'Владивосток', 15093),
(10, 'Walgreens', 'Отель', 5, TRUE, 'Москва', 6402);

INSERT INTO BusTicket (BusTID, Bus, Seat, CityFrom, CityTo, DepartureTime, ArrivalTime, Luggage, Cost) VALUES
(0, 0, 0, 'Питер', 'Москва', '2020-03-08 00:00:00', '2020-03-08 00:00:01', FALSE, 0),
(1, 234, 45, 'Казань', 'Москва', '2020-03-08 10:23:00', '2020-03-08 12:45:00', FALSE, 23012),
(2, 174, 34, 'Самара', 'Саратов', '2020-03-09 10:00:00', '2020-03-09 11:45:00', TRUE, 14902),
(3, 52, 12, 'Тверь', 'Челябинск', '2020-03-10 01:13:00', '2020-03-10 02:31:00', FALSE, 10029),
(4, 5, 9, 'Сочи', 'Мурманск', '2020-03-11 15:45:00', '2020-03-11 17:04:00', FALSE, 7901),
(5, 70, 72, 'Питер', 'Москва', '2020-03-12 09:31:00', '2020-03-12 11:10:00', TRUE, 8102),
(6, 41, 3, 'Мурманск', 'Москва', '2020-03-13 17:50:00', '2020-03-13 18:53:00', TRUE, 15741),
(7, 92, 27, 'Тверь', 'Москва', '2020-03-14 06:29:00', '2020-03-14 08:14:00', FALSE, 6204),
(8, 13, 10, 'Челябинск', 'Москва', '2020-03-15 21:47:00', '2020-03-15 23:07:00', TRUE, 3921),
(9, 58, 64, 'Сочи', 'Москва', '2020-03-16 19:56:00', '2020-03-16 21:12:00', FALSE, 6193),
(10, 48, 71, 'Москва', 'Симферополь', '2020-03-17 22:30:00', '2020-03-17 23:58:00', TRUE, 5825);


INSERT INTO PlaneTicket (PlaneTID, Plane, Seat, Class, CityFrom, CityTo, DepartureTime, Luggage, Cost) VALUES
(0, 0, 0, 1, 'Питер', 'Москва', '2020-03-08 00:00:00', FALSE, 0),
(1, 809, 45, 1, 'Казань', 'Москва', '2020-03-08 10:23:00', FALSE, 23012),
(2, 713, 34, 2, 'Самара', 'Саратов', '2020-03-09 11:45:00', TRUE, 14902),
(3, 092, 12, 2, 'Тверь', 'Челябинск', '2020-03-10 01:13:00', FALSE, 10029),
(4, 7861, 9, 1, 'Сочи', 'Мурманск', '2020-03-11 17:04:00', FALSE, 7901),
(5, 975, 72, 1, 'Питер', 'Москва', '2020-03-12 09:31:00', TRUE, 8102),
(6, 125, 3, 1, 'Мурманск', 'Москва', '2020-03-13 18:53:00', TRUE, 15741),
(7, 92, 27, 2, 'Тверь', 'Москва', '2020-03-14 06:29:00', FALSE, 6204),
(8, 9871, 10, 1,'Челябинск', 'Москва', '2020-03-15 23:07:00', TRUE, 3921),
(9, 1930, 64, 2, 'Сочи', 'Москва', '2020-03-16 19:56:00', FALSE, 6193),
(10, 16, 71, 2, 'Москва', 'Симферополь', '2020-03-17 23:58:00', TRUE, 5825);


INSERT INTO TrainTicket (TrainTID, Train, Coach, Seat, CityFrom, CityTo, DepartureTime, ArrivalTime, Linens, Cost) VALUES
(0, 0, 1, 0, 'Питер', 'Москва', '2020-03-08 00:00:00', '2020-03-08 00:00:01', FALSE, 0),
(1, 809, 1, 4, 'Казань', 'Москва', '2020-03-08 10:23:00', '2020-03-08 12:45:00', FALSE, 2301),
(2, 713, 12, 3,'Самара', 'Саратов', '2020-03-09 10:00:00', '2020-03-09 11:45:00', TRUE, 1490),
(3, 092, 7, 12, 'Тверь', 'Челябинск', '2020-03-10 01:13:00', '2020-03-10 02:31:00', FALSE, 1002),
(4, 7861, 3, 9,'Сочи', 'Мурманск', '2020-03-11 15:45:00', '2020-03-11 17:04:00', FALSE, 2901),
(5, 975, 8, 22, 'Сочи', 'Мурманск', '2020-03-12 09:31:00', '2020-03-12 11:10:00', TRUE, 3102),
(6, 125, 2, 31, 'Питер', 'Москва', '2020-03-13 17:50:00', '2020-03-13 18:53:00', TRUE, 1574),
(7, 92, 6, 27, 'Мурманск', 'Москва', '2020-03-14 06:29:00', '2020-03-14 08:14:00', FALSE, 4204),
(8, 9871, 9, 10, 'Челябинск', 'Москва', '2020-03-15 21:47:00', '2020-03-15 23:07:00', TRUE, 3921),
(9, 1930, 10, 24, 'Сочи', 'Москва', '2020-03-16 19:56:00', '2020-03-16 21:12:00', FALSE, 1193),
(10, 16, 11, 17, 'Москва', 'Симферополь', '2020-03-17 22:30:00', '2020-03-17 23:58:00', TRUE, 2825);


INSERT INTO Transfer (TransferID, PlaneTicket, TrainTicket, BusTicket) VALUES
(1, 6, 0, 0),
(2, 4, 0, 7),
(3, 0, 3, 0),
(4, 0, 0, 10),
(5, 3, 1, 0),
(6, 0, 5, 8),
(7, 0, 0, 3),
(8, 6, 0, 0),
(9, 0, 4, 0),
(10, 0, 0, 1);


INSERT INTO Tour (TourID, Food, Hotel, Transfer, Cost, DateBegin, DateEnd) VALUES
(1,	9,	4,	5, 32290,	'2020-01-14',	'2020-03-08'),
(2,	8,	5,	3, 54293,	'2020-07-19',	'2020-11-09'),
(3,	6,	6,	1, 91416,	'2021-05-25',	'2021-09-30'),
(4,	2,	1,	2, 31871,	'2020-08-27',	'2021-10-04'),
(5,	3,	10,	7, 93649,	'2021-04-02',	'2021-12-31'),
(6,	4,	2,	4, 26830,	'2021-01-27',	'2021-06-27'),
(7,	5,	9,	6, 9930,	'2020-07-24',	'2020-10-26'),
(8,	7,	3,	10, 13793,	'2021-05-26',	'2021-07-22'),
(9,	10,	8,	9, 82346,	'2021-04-17',	'2021-09-14'),
(10, 1,	7,	8, 42921,	'2020-10-09',	'2021-11-16');



